FullName,Birthday,Nation,PhoneNumber,Email
Sallie Gaw,12-05-1994,France,997-395-9270,sgaw2@mit.edu
Othello Sperrett,28-11-1990,France,326-887-9247,osperrettd@feedburner.com
Colas Abrahamsen,19-02-2018,France,557-794-1168,cabrahamsen1c@deviantart.com
Keefer Caddie,02-03-2000,France,495-708-8739,kcaddie1l@nsw.gov.au
Jarib Ankers,12-04-2000,France,203-806-9578,jankers1m@linkedin.com
Bev Bolino,22-08-2010,France,688-897-1545,bbolino1w@bbb.org
Julee Chaff,01-06-2010,France,665-849-2954,jchaff2j@youtu.be
Leigh Privost,08-01-2013,France,470-507-9762,lprivost4k@phoca.cz
Shandie Slee,12-08-2013,France,899-707-1382,sslee4n@sbwire.com
Jan Gisburn,26-04-1995,France,970-749-2429,jgisburn67@google.com.au
Elianore Tremmel,18-02-2003,France,561-573-2620,etremmel6k@skype.com
Pauly Mityushkin,17-08-1992,France,251-865-7968,pmityushkin9l@meetup.com
Sig Longworthy,06-04-2005,France,858-175-1002,slongworthyaa@tamu.edu
Wilbert Rakes,01-09-1992,France,682-931-6687,wrakesak@blinklist.com
Hilly Saich,04-02-2016,France,497-681-3428,hsaichbk@cocolog-nifty.com
Wallis Gregoletti,28-03-1991,France,665-481-3922,wgregolettic3@webs.com
Charlotta Romanin,02-05-1994,France,586-702-3870,cromaninca@oracle.com
Diarmid Gras,18-07-2014,France,142-582-4011,dgrase6@jugem.jp
Aili Curmi,31-12-2000,France,835-513-9931,acurmier@eventbrite.com
Maitilde Sacase,18-08-1992,France,306-272-9466,msacasefq@buzzfeed.com
Zsazsa Geggie,01-12-2013,France,805-204-7227,zgeggiefw@cpanel.net
Corbie Noke,16-09-2016,France,745-259-4715,cnokefz@ebay.co.uk
Kati Boulder,03-03-1996,France,576-283-0943,kboulderge@theatlantic.com
Jehanna Vint,04-12-2002,France,405-407-8744,jvintgh@spiegel.de
Truman Danielli,31-12-2018,France,923-879-1522,tdaniellihb@stanford.edu
Bambi Keeley,27-01-1997,France,384-717-0806,bkeeleyhh@naver.com
Anders Bowe,02-02-2020,France,136-462-7725,abowela@ning.com
Wallis Paula,07-07-1998,France,115-942-8573,wpaulalj@163.com
Evin Edgeworth,14-05-1991,France,684-687-1256,eedgeworthmc@cmu.edu
Vidovic Dwight,09-01-2022,France,760-290-4930,vdwightmn@360.cn
Kristopher Frediani,05-01-2006,France,502-939-5311,kfredianio8@ezinearticles.com
Giffie Picardo,01-07-1996,France,686-451-8895,gpicardoqw@yelp.com
Paco Bowcock,19-01-1996,France,566-299-2452,pbowcockr3@gravatar.com
Mikaela Morrel,16-02-2003,France,855-756-0848,mmorrelrq@intel.com
